avatar_url,headline,id,name,url_token
https://pic3.zhimg.com/v2-1bea18837914ab5a40537d515ed3219c_is.jpg,"专业造轮子，拉黑抢前排。<a href=""https://link.zhihu.com/?target=http%3A//gaclib.net"" class="" external"" target=""_blank"" rel=""nofollow noreferrer""><span class=""invisible"">http://</span><span class=""visible"">gaclib.net</span><span class=""invisible""></span></a>",0970f947b898ecc0ec035f9126dd4e08,vczh,excited-vczh
https://pic2.zhimg.com/v2-e27a78af938f3d0bc0c97635ad04950b_is.jpg,,c9a74e3a316dc2750628aa6855b306c4,罗CICI,luo-chu-chen-65
https://pic1.zhimg.com/v2-1bd18e0ca2be72389ffe916a7c0c2d89_is.jpg,美妆达人,4f59c6ff47e962db52fd7abc78a6c5c2,小丘兽,xiao-qiu-bao-bao
https://pic3.zhimg.com/v2-93794b81dc9fc14cfae677bd99069ca9_is.jpg,一个骄傲又任性的年轻女孩。手里空无一物，出门已是险恶江湖。,0a6f82dddc68e87fd7ff9a71da84d50d,Zoe是个软妹,zoeshi-ge-ruan-mei
https://pic1.zhimg.com/v2-90bb5d7373b2baf7bb034f8b120ef613_is.jpg,身骑白马走三关,8a4d0ed42589de388a07f2960dbede5e,温良,wen-liang-64-17
https://pic4.zhimg.com/da8e974dc_is.jpg,,46deff65e09faa9ba1614e235a32b642,ydntlk,ydntlk
https://pic1.zhimg.com/v2-52c73de843f8b3db65f6b2810e0226c9_is.jpg,酒力微醒时已暮,457b30dbb2a76a37ef65d6162f211d5c,占有,zhan-you-47
https://pic4.zhimg.com/v2-9876f6876df7ceecc9a052e7a3f1aed7_is.jpg,每一个不曾起舞的日子都是对生命的辜负。,8396071d20d4287de00bd9d456d1a7f4,风无痕,la-la-la-18-55-11
https://pic2.zhimg.com/v2-d49e1f92aed42943ee72866d8ea59e5c_is.jpg,bentley uni. shenzhener,5f4624898f2ef97bc3fba87e8ba340b3,crystalyikk,crystalyikk
https://pic4.zhimg.com/v2-78588676aa49e46be0d03eb82e17a766_is.jpg,阿根廷必胜！,164ab43284f6078deb0f9e98c17e7664,耽溺,yang-ao-55-24
https://pic4.zhimg.com/v2-af5af2bc13de29edc3e0b83d9bf31609_is.jpg,船海博士生/LOL只会女枪/大提琴,ef6da61198b3841920a670bb1f186776,皮卡乓,xiao-xiao-hui-11
https://pic4.zhimg.com/v2-2d8f17f4a7a7b92ffbf803c6e0036bb8_is.jpg,单机游戏，就是把好几本小说才能写完的故事，做成了一个世界，给玩家去探索体验。,4063ff950d71565e47e6506fc4d65fd2,Rydia,rydia
https://pic4.zhimg.com/250f72e2c1f99ce70de957036fee1f1f_is.jpg,有一个全世界最好的男盆友♡,009e73555f10a181cda937f54eacdbe2,柔柔不早睡,jiao-rou-43
https://pic4.zhimg.com/v2-f040b0a9b18261ff88a2b3f5889d72f1_is.jpg,亲近我一下呀！,fca1d889e4853b9392d4c8f658acb202,叉叉叉烧包,cha-cha-cha-shao-bao
https://pic3.zhimg.com/v2-19a6f77ef2260b085b93e9542ee92115_is.jpg,小老百姓,3e53081fd24097c19ff831ac41703144,高楼,gao-lou-73
https://pic3.zhimg.com/v2-8ca934132be2ec08c6eee8010a102e8d_is.jpg,,a2c81a5f36019d5536ec4cbb53b1435a,小桥,xiao-qiao-34-23
https://pic4.zhimg.com/da8e974dc_is.jpg,大三建筑学学生,b4ea31db37c7123d824c61d6935dc8f9,醉茶,guan-wei-dong-75
https://pic3.zhimg.com/v2-1448ce668839ebdf475de3f51282e0c0_is.jpg,,7ced1e89abed62ae076e3e9e3f24c411,铭忘,ming-wang-31-86
https://pic2.zhimg.com/v2-5a403e84ed36dd5a618215b924e49179_is.jpg,相信自己 努力会有结果的,aecbe66655cdcbd007d47f2a45ba6536,蓝胖子,lan-pang-zi-12-4-47
https://pic2.zhimg.com/v2-bb4422012a80a7862f37650161d53941_is.jpg,爱研究社交网络的21岁魔都菇凉～坐标欧洲，传播学在读。,5fefa92eb9dde1515c634581ca21082b,Coffee Wu,coffee-wu
https://pic4.zhimg.com/da8e974dc_is.jpg,,d0f70541ae6d05a221eed294dcaef248,心甘,xin-gan-36-89
avatar_url,headline,id,name,url_token
https://pic3.zhimg.com/v2-1bea18837914ab5a40537d515ed3219c_is.jpg,"专业造轮子，拉黑抢前排。<a href=""https://link.zhihu.com/?target=http%3A//gaclib.net"" class="" external"" target=""_blank"" rel=""nofollow noreferrer""><span class=""invisible"">http://</span><span class=""visible"">gaclib.net</span><span class=""invisible""></span></a>",0970f947b898ecc0ec035f9126dd4e08,vczh,excited-vczh
https://pic3.zhimg.com/v2-93794b81dc9fc14cfae677bd99069ca9_is.jpg,一个骄傲又任性的年轻女孩。手里空无一物，出门已是险恶江湖。,0a6f82dddc68e87fd7ff9a71da84d50d,Zoe是个软妹,zoeshi-ge-ruan-mei
https://pic4.zhimg.com/v2-78588676aa49e46be0d03eb82e17a766_is.jpg,阿根廷必胜！,164ab43284f6078deb0f9e98c17e7664,耽溺,yang-ao-55-24
https://pic4.zhimg.com/250f72e2c1f99ce70de957036fee1f1f_is.jpg,有一个全世界最好的男盆友♡,009e73555f10a181cda937f54eacdbe2,柔柔不早睡,jiao-rou-43
https://pic1.zhimg.com/v2-52c73de843f8b3db65f6b2810e0226c9_is.jpg,酒力微醒时已暮,457b30dbb2a76a37ef65d6162f211d5c,占有,zhan-you-47
https://pic4.zhimg.com/v2-2d8f17f4a7a7b92ffbf803c6e0036bb8_is.jpg,单机游戏，就是把好几本小说才能写完的故事，做成了一个世界，给玩家去探索体验。,4063ff950d71565e47e6506fc4d65fd2,Rydia,rydia
https://pic2.zhimg.com/v2-d49e1f92aed42943ee72866d8ea59e5c_is.jpg,bentley uni. shenzhener,5f4624898f2ef97bc3fba87e8ba340b3,crystalyikk,crystalyikk
https://pic1.zhimg.com/v2-90bb5d7373b2baf7bb034f8b120ef613_is.jpg,身骑白马走三关,8a4d0ed42589de388a07f2960dbede5e,温良,wen-liang-64-17
https://pic4.zhimg.com/v2-9876f6876df7ceecc9a052e7a3f1aed7_is.jpg,每一个不曾起舞的日子都是对生命的辜负。,8396071d20d4287de00bd9d456d1a7f4,风无痕,la-la-la-18-55-11
https://pic4.zhimg.com/v2-af5af2bc13de29edc3e0b83d9bf31609_is.jpg,船海博士生/LOL只会女枪/大提琴,ef6da61198b3841920a670bb1f186776,皮卡乓,xiao-xiao-hui-11
https://pic4.zhimg.com/v2-f040b0a9b18261ff88a2b3f5889d72f1_is.jpg,亲近我一下呀！,fca1d889e4853b9392d4c8f658acb202,叉叉叉烧包,cha-cha-cha-shao-bao
https://pic3.zhimg.com/v2-19a6f77ef2260b085b93e9542ee92115_is.jpg,小老百姓,3e53081fd24097c19ff831ac41703144,高楼,gao-lou-73
https://pic3.zhimg.com/v2-2ad508e747464cbfd7a88bbf9abb6024_is.jpg,我看诸君多傻逼，料诸君看我应如是,d20ed04e05f51232eec069665e882476,周环,zhou-huan-17-39
https://pic1.zhimg.com/v2-ae1cbe8424123ef4daa13825ad3cca2f_is.jpg,浙工商法学院大一在读。法律、日语双修。自我完善中。,0b4e52861c0dc134131f430c4e4e4d73,秋庭,xie-luo-qiu-kong-70
https://pic3.zhimg.com/v2-7be2417d3f4b05d1491b535a6c05611b_is.jpg,这个人很懒没啥好说的,ee89c8f31d71f1f04446db2b6c6d7b69,强袭加游侠,qiang-xi-jia-you-xia
,,,,
https://pic2.zhimg.com/v2-bb4422012a80a7862f37650161d53941_is.jpg,爱研究社交网络的21岁魔都菇凉～坐标欧洲，传播学在读。,5fefa92eb9dde1515c634581ca21082b,Coffee Wu,coffee-wu
,,,,
https://pic2.zhimg.com/bc93c2e0442f041f6673cb5811d07ce5_is.jpg,谨慎驾驶,9a98aeed9e8c743375c1c81a6f13b56e,萬華山人,yuan-hang-84-95
,,,,
,,,,
,,,,
,,,,
,,,,
,,,,
,,,,
,,,,
,,,,
,,,,
,,,,
,,,,
,,,,
https://pic3.zhimg.com/v2-7934238cb2a582f87be2c417e7bd6323_is.jpg,S，单身主义，绿军无脑粉，富二代后面的狗腿子,de0265bb2bdb2a04832a97ab2ed5c9b3,黎明,dreamsm
https://pic4.zhimg.com/v2-11e367b7ee9cd24aa5ab2c1cb1def254_is.jpg,不学无术,8abd6b14d29a1dfb50066d2e457550a8,幽游白书,lindaiyulovehua
https://pic3.zhimg.com/v2-2b443d4ad63b8d27627947defd443237_is.jpg,咨询电话微信：15994282386，QQ：2328474861,cdabd522b55f33e04233f543547365cb,湖北省人类精子库,hu-bei-sheng-ren-lei-jing-zi-ku
https://pic3.zhimg.com/v2-28b42fb550705d1fe8177733bf527dc9_is.jpg,北京林业大学鸟类学博士在读,33847dd9d218db071da634253b187ac1,小叶叔叔,yeyuanxing
https://pic3.zhimg.com/v2-05c68ba9956d2c7f6923c37c9633c1ab_is.jpg,For Public Health,28921c58ab94e9a23776a7ab22c1860d,KellyWeaver,kellyweaver
https://pic4.zhimg.com/f843a266e4ce2dd9f730f6313273a8af_is.jpg,妇产科医生,5ca1fa549192495bbe203eda10839b38,六层楼,liu-ceng-lou
https://pic3.zhimg.com/v2-82d31ab0e068fd30379fee5f698abb98_is.jpg,购物 时尚 买手,cf7a009c2584e323ea27f15032532b5a,naplesblue,ji-ke-hai-tao-87
https://pic3.zhimg.com/df4318a7d28d27d3b27c0ab320fa203a_is.jpg,找饭 Job_Fun,fabe06074141ccacd1c8d6d77663d750,小红拖拉机,xhtlj
https://pic3.zhimg.com/v2-826e25ea3ef00f4b54d6c040caf7fd6a_is.jpg,在努力,514ed096f593ae3184d5994846ab55dc,Hedy,ni-ke-1996
https://pic2.zhimg.com/v2-88d62d756e4eb47113e386dd31b7d501_is.jpg,北大图书管理员,23049ea740b3abc57830d160f8dcad60,向往,xiang-wang-54-37
https://pic1.zhimg.com/v2-601ea429292815492c08ed877d2172ff_is.jpg,毕志飞电影流派研究者,66f613953f5d6c559d941de9dc46e44e,思无邪,hu-yong-jian-49
https://pic3.zhimg.com/27e7630876c90af3e893a3003e13105f_is.jpg,学生啊,d9439271a214ec7338f2886cdafb2246,是阿疏不是阿叔x,shi-a-shu-bu-shi-a-shu-x
https://pic1.zhimg.com/fea9e7d4b_is.jpg,吐槽病毒感染者，人类玻璃心伤害委员会委员,ec86199a2128ed32caccc06aaa7cffff,吴天微,Trevor-Woo
https://pic4.zhimg.com/v2-7c6a1fb5b4c689ea3df8c7f6f4265264_is.jpg,哔哩哔哩 - ( ゜- ゜)つロ 乾杯~,01f7621c0393188d023c9f1d59d6e171,哔哩哔哩,bi-li-bi-li-71-5
https://pic2.zhimg.com/v2-0fa5eab64ca858d0860ed5c72974301a_is.jpg,知乎大V,37d6251c27e6163ddc30da7c77769ada,勃学星球,tianjinxiaohai
,,,,
,,,,
https://pic1.zhimg.com/cb1684ebe3d4d8d8ccf8deba29a72a33_is.jpg,不知之知，无为而为,58f950686d0b869dd849a5e415c1542d,大力,lisa-2-22
,,,,
,,,,
,,,,
,,,,
,,,,
,,,,
,,,,
,,,,
,,,,
,,,,
https://pic2.zhimg.com/4df995b4e06dbbb66f949fae1a5a1450_is.jpg,中国著名社会学家,3f90015640e5f1b344b3c6c9349f8b47,李银河,li-yin-he-25
https://pic1.zhimg.com/v2-96c918201ef68dbb3d0e09a4c34bb9d1_is.jpg,演员周冬雨,55bc1a256f96a554affac0a6c93d1004,周冬雨,zhou-dong-yu-55-93
https://pic4.zhimg.com/0f9d7b8fa30ea14da94a9f0f4f80c98e_is.jpg,飞羽觞而醉月,489d79c76bdc7f0e1529652bf4836ca1,Mandelbrot,mandelbrot-11
,,,,
https://pic1.zhimg.com/d5d5c00b4213482951376c2e004efcb0_is.jpg,你曾爱过我，想到就心酸。,e879765e9d98360eb85bcf3cef09d290,陈毓秀,chen-xi-er-86
https://pic4.zhimg.com/5ea746c9b_is.jpg,地球爱好者,712382585be190cc3c2aa2b5af55a235,成长,cheng-zhang-55
https://pic3.zhimg.com/9ee82f3f07623303aa42164b523ac267_is.jpg,「小道消息」，微信号：WebNotes,99953853cc4219fabe8327301058357c,Fenng,fenng
https://pic1.zhimg.com/208bae988_is.jpg,Auditing / Marketing,8c21ed24736379311d6a40aff7ed29ec,Wayne Zhang,waynezhang
https://pic4.zhimg.com/0638f512c334aece83a0562d8dfd93e5_is.jpg,微信主页“李叫兽”,6a422fb2ea7dc5ede2686ecf53d3930e,李靖,li-jing-20-69
https://pic1.zhimg.com/v2-093618e1011e46ed9ce20de77527f2fc_is.jpg,职业旅行者，【无二之旅】联合创始人。个人微信公众号【蔡韵Iris】,53d65797d34d109c828e5958cb2105e5,蔡韵Iris,iris-caiyun
https://pic3.zhimg.com/v2-079c8d0c4df4fbf6ef2590c6d82012f9_is.jpg,你不懂，你没红过。,11c151b0b4a6477c8947a7a8058f632b,程瀚,chenghan
https://pic4.zhimg.com/v2-c24f4730f1159338fc2cc8317ae4b8e6_is.jpg,妇产科主治医师，公众号：妇产科女司机,6c56028b33222849fc48774b9a760177,赫连飒姒,thus-helian
https://pic1.zhimg.com/bdf2740b8955d96a8e82dd99904f9101_is.jpg,机械/天文/邮币卡,6d855361dea84a489feb1f916b0c1f07,减紫,xiamenda
https://pic3.zhimg.com/v2-1eedc5bddb7b9282bf872e61ea6fd71e_is.jpg,新媒体创业者,159cd3e3fe3562aad6d337db9e77bdf1,简浅,jianzu1126
https://pic4.zhimg.com/v2-1fc3ba035d2ae5ea351e4b0398bfd6bd_is.jpg,知乎海归求职话题最高赞答主，公众号「古诺亚的方舟」,f8112d713a57aa00d66f74d8af341012,古诺亚,noahgu
https://pic3.zhimg.com/1154e48249cecc92f2b0512c342034f9_is.jpg,闲敲棋子落灯花,89642c262b214ff178c612e2a6da25d0,影夜,ying-ye-78
https://pic3.zhimg.com/v2-bbcef34b18c24015aa5289562c24caff_is.jpg,语法图像说创始人|维密——语言哲学|脑洞潜(进)水爱好者,9898474f2d1a95683fe0822e4cdfa62a,ED路德,lu-de-69-93
https://pic4.zhimg.com/c610ec965_is.jpg,学之。,0b353e06613f70e18a41b791415dfe5b,包龙图,baolongtu
,,,,
,,,,
,,,,
,,,,
https://pic1.zhimg.com/v2-be8b9c272a46513e09a6831754715082_is.jpg,知乎 Live：演示的窍门,46508e80ba20dc8426b69e48bb5fbad0,蔡振原,cai-zhen-yuan-40
,,,,
,,,,
,,,,
,,,,
,,,,
,,,,
,,,,
,,,,
,,,,
,,,,
